instrument,last_price,volume,datetime
TEST,100,10,2025-01-01 09:30:00
TEST,101,12,2025-01-01 09:30:01
TEST,102,15,2025-01-01 09:30:02
TEST,103,18,2025-01-01 09:30:03
TEST,104,20,2025-01-01 09:30:04
TEST,105,22,2025-01-01 09:30:05
TEST,106,24,2025-01-01 09:30:06
TEST,107,26,2025-01-01 09:30:07
TEST,108,28,2025-01-01 09:30:08
TEST,109,30,2025-01-01 09:30:09
TEST,110,32,2025-01-01 09:30:10
TEST,111,34,2025-01-01 09:30:11
TEST,112,36,2025-01-01 09:30:12
TEST,113,38,2025-01-01 09:30:13
TEST,114,40,2025-01-01 09:30:14
TEST,113,42,2025-01-01 09:30:15
TEST,112,44,2025-01-01 09:30:16
TEST,111,46,2025-01-01 09:30:17
TEST,110,48,2025-01-01 09:30:18
TEST,109,50,2025-01-01 09:30:19
TEST,108,52,2025-01-01 09:30:20
TEST,107,54,2025-01-01 09:30:21
TEST,106,56,2025-01-01 09:30:22
TEST,105,58,2025-01-01 09:30:23
TEST,104,60,2025-01-01 09:30:24
TEST,103,62,2025-01-01 09:30:25
TEST,102,64,2025-01-01 09:30:26
TEST,101,66,2025-01-01 09:30:27
TEST,100,68,2025-01-01 09:30:28
TEST,99,70,2025-01-01 09:30:29
TEST,98,72,2025-01-01 09:30:30
TEST,99,74,2025-01-01 09:30:31
TEST,100,76,2025-01-01 09:30:32
TEST,101,78,2025-01-01 09:30:33
TEST,102,80,2025-01-01 09:30:34
TEST,103,82,2025-01-01 09:30:35
TEST,104,84,2025-01-01 09:30:36
TEST,105,86,2025-01-01 09:30:37
TEST,106,88,2025-01-01 09:30:38
TEST,107,90,2025-01-01 09:30:39
TEST,108,92,2025-01-01 09:30:40
TEST,109,94,2025-01-01 09:30:41
TEST,110,96,2025-01-01 09:30:42
TEST,111,98,2025-01-01 09:30:43
TEST,112,100,2025-01-01 09:30:44
TEST,111,99,2025-01-01 09:30:45
TEST,110,97,2025-01-01 09:30:46
TEST,109,95,2025-01-01 09:30:47
TEST,108,93,2025-01-01 09:30:48
TEST,107,91,2025-01-01 09:30:49
TEST,106,89,2025-01-01 09:30:50
TEST,105,87,2025-01-01 09:30:51
TEST,104,85,2025-01-01 09:30:52
TEST,103,83,2025-01-01 09:30:53
TEST,102,81,2025-01-01 09:30:54
TEST,101,79,2025-01-01 09:30:55
TEST,100,77,2025-01-01 09:30:56
TEST,99,75,2025-01-01 09:30:57
TEST,98,73,2025-01-01 09:30:58
TEST,97,71,2025-01-01 09:30:59